{"cameraMode":{"drawMode":0,"name":"Shaded","section":"Shading Mode"},"sceneLighting":false,"audioPlay":false,"sceneViewState":{"m_AlwaysRefresh":false,"showFog":true,"showSkybox":false,"showFlares":true,"showImageEffects":true,"showParticleSystems":true,"showVisualEffectGraphs":true,"m_FxEnabled":true},"in2DMode":false,"pivot":{"x":-0.0012910664081573487,"y":0.23099717497825623,"z":-0.012308046221733094},"rotation":{"x":0.19136959314346314,"y":0.7963296175003052,"z":-0.32062333822250368,"w":0.4751165807247162},"size":0.31484246253967287,"orthographic":false}