{"cameraMode":{"drawMode":0,"name":"Shaded","section":"Shading Mode"},"sceneLighting":true,"audioPlay":false,"sceneViewState":{"m_AlwaysRefresh":false,"showFog":true,"showSkybox":true,"showFlares":true,"showImageEffects":true,"showParticleSystems":true,"showVisualEffectGraphs":true,"m_FxEnabled":true},"in2DMode":false,"pivot":{"x":-57.506187438964847,"y":1.5438255071640015,"z":39.80202865600586},"rotation":{"x":0.08561481535434723,"y":-0.01949707604944706,"z":0.004525766707956791,"w":0.995988667011261},"size":1.7109450101852418,"orthographic":true}