{"cameraMode":{"drawMode":0,"name":"Shaded","section":"Shading Mode"},"sceneLighting":true,"audioPlay":false,"sceneViewState":{"m_AlwaysRefresh":false,"showFog":true,"showSkybox":true,"showFlares":true,"showImageEffects":true,"showParticleSystems":true,"showVisualEffectGraphs":true,"m_FxEnabled":true},"in2DMode":false,"pivot":{"x":496.8086853027344,"y":356.4417419433594,"z":-1.9795056581497193},"rotation":{"x":0.08561481535434723,"y":-0.01949707604944706,"z":0.004525766707956791,"w":0.995988667011261},"size":1017.5738525390625,"orthographic":true}