{"cameraMode":{"drawMode":0,"name":"Shaded","section":"Shading Mode"},"sceneLighting":true,"audioPlay":false,"sceneViewState":{"m_AlwaysRefresh":false,"showFog":true,"showSkybox":true,"showFlares":true,"showImageEffects":true,"showParticleSystems":true,"showVisualEffectGraphs":true,"m_FxEnabled":true},"in2DMode":false,"pivot":{"x":-67.96507263183594,"y":20.653976440429689,"z":57.31895446777344},"rotation":{"x":0.015061130747199059,"y":-0.08449852466583252,"z":0.003477115649729967,"w":0.9961263537406921},"size":12.124357223510743,"orthographic":true}