{"cameraMode":{"drawMode":0,"name":"Shaded","section":"Shading Mode"},"sceneLighting":true,"audioPlay":false,"sceneViewState":{"m_AlwaysRefresh":false,"showFog":true,"showSkybox":true,"showFlares":true,"showImageEffects":true,"showParticleSystems":true,"showVisualEffectGraphs":true,"m_FxEnabled":true},"in2DMode":false,"pivot":{"x":-60.367435455322269,"y":14.537850379943848,"z":47.90590286254883},"rotation":{"x":0.028668595477938653,"y":0.9560861587524414,"z":-0.0917876735329628,"w":0.27622950077056887},"size":8.538026809692383,"orthographic":true}