{"cameraMode":{"drawMode":0,"name":"Shaded","section":"Shading Mode"},"sceneLighting":true,"audioPlay":false,"sceneViewState":{"m_AlwaysRefresh":false,"showFog":true,"showSkybox":true,"showFlares":true,"showImageEffects":true,"showParticleSystems":true,"showVisualEffectGraphs":true,"m_FxEnabled":true},"in2DMode":false,"pivot":{"x":0.33146876096725466,"y":11.748405456542969,"z":-17.427106857299806},"rotation":{"x":0.23787735402584077,"y":-0.11076514422893524,"z":0.02717396803200245,"w":0.9644327163696289},"size":1.6010422706604005,"orthographic":false}