{"cameraMode":{"drawMode":0,"name":"Shaded","section":"Shading Mode"},"sceneLighting":true,"audioPlay":false,"sceneViewState":{"m_AlwaysRefresh":false,"showFog":true,"showSkybox":true,"showFlares":true,"showImageEffects":true,"showParticleSystems":true,"showVisualEffectGraphs":true,"m_FxEnabled":true},"in2DMode":false,"pivot":{"x":470.6161193847656,"y":354.55987548828127,"z":11.293417930603028},"rotation":{"x":-0.047564998269081119,"y":0.02950545959174633,"z":0.004245564807206392,"w":0.9982839822769165},"size":816.55322265625,"orthographic":true}