{"cameraMode":{"drawMode":0,"name":"Shaded","section":"Shading Mode"},"sceneLighting":true,"audioPlay":false,"sceneViewState":{"m_AlwaysRefresh":false,"showFog":true,"showSkybox":true,"showFlares":true,"showImageEffects":true,"showParticleSystems":true,"showVisualEffectGraphs":true,"m_FxEnabled":true},"in2DMode":false,"pivot":{"x":7.5245466232299809,"y":5.583498001098633,"z":-12.00229549407959},"rotation":{"x":-0.048415154218673709,"y":0.6990482807159424,"z":-0.04739140346646309,"w":-0.7117166519165039},"size":1.5949363708496094,"orthographic":false}