{"cameraMode":{"drawMode":0,"name":"Shaded","section":"Shading Mode"},"sceneLighting":true,"audioPlay":false,"sceneViewState":{"m_AlwaysRefresh":false,"showFog":true,"showSkybox":true,"showFlares":true,"showImageEffects":true,"showParticleSystems":true,"showVisualEffectGraphs":true,"m_FxEnabled":true},"in2DMode":false,"pivot":{"x":-110.2085189819336,"y":23.000089645385743,"z":66.19877624511719},"rotation":{"x":-0.16532261669635774,"y":-0.17610986530780793,"z":0.02698678895831108,"w":-0.9698606729507446},"size":15.529693603515625,"orthographic":false}