{"cameraMode":{"drawMode":0,"name":"Shaded","section":"Shading Mode"},"sceneLighting":false,"audioPlay":false,"sceneViewState":{"m_AlwaysRefresh":false,"showFog":false,"showSkybox":false,"showFlares":false,"showImageEffects":false,"showParticleSystems":false,"showVisualEffectGraphs":true,"m_FxEnabled":true},"in2DMode":false,"pivot":{"x":-0.04200392961502075,"y":1.1493744850158692,"z":0.7091567516326904},"rotation":{"x":-0.048415154218673709,"y":0.6990482807159424,"z":-0.04739140346646309,"w":-0.7117166519165039},"size":2.2811179161071779,"orthographic":false}