{"cameraMode":{"drawMode":0,"name":"Shaded","section":"Shading Mode"},"sceneLighting":false,"audioPlay":false,"sceneViewState":{"m_AlwaysRefresh":false,"showFog":true,"showSkybox":false,"showFlares":true,"showImageEffects":true,"showParticleSystems":true,"showVisualEffectGraphs":true,"m_FxEnabled":true},"in2DMode":false,"pivot":{"x":4.873448371887207,"y":3.1642873287200929,"z":1.7234430313110352},"rotation":{"x":0.04081737995147705,"y":0.5706977844238281,"z":-0.028491759672760965,"w":0.8194010853767395},"size":0.8660253882408142,"orthographic":false}